FID,ID_ACCES,CODI_ACCES,NOM_ACCES,CODI_GRUP_ESTACIO,ID_ESTACIO,NOM_ESTACIO,ID_TIPUS_ACCESSIBILITAT,NOM_TIPUS_ACCESSIBILITAT,NUM_ASCENSORS,DATA,GEOMETRY
ACCESSOS.219,219,11101,Residència sanitària,6660111,111,Hospital de Bellvitge,1,Accessible,1,2022-03-31,POINT (2.1066690928052068 41.34435669904031)
ACCESSOS.220,220,11201,Rambla de la Marina / Avda. Granvia,6660112,112,Bellvitge,1,Accessible,1,2022-03-31,POINT (2.1115154528942424 41.35089549772364)
ACCESSOS.221,221,11202,Rambla de la Marina / Merca 2,6660112,112,Bellvitge,3,No accessible,0,2022-03-31,POINT (2.1108418043280226 41.35075144720632)
ACCESSOS.223,223,11211,Rambla de la Marina / Trav. Industrial,6660112,112,Bellvitge,3,No accessible,0,2022-03-31,POINT (2.110940199167465 41.351420324574185)
ACCESSOS.222,222,11212,Rambla de la Marina / Mercat Municipal,6660112,112,Bellvitge,3,No accessible,0,2022-03-31,POINT (2.110483123470267 41.35123702229523)
ACCESSOS.224,224,11301,Prat de la Riba,6660113,113,Av. Carrilet,3,No accessible,0,2022-03-31,POINT (2.1024228956393722 41.359400721158295)
ACCESSOS.225,225,11311,Avinguda Carrilet,6660113,113,Av. Carrilet,1,Accessible,1,2022-03-31,POINT (2.1026678046332026 41.35799997470539)
ACCESSOS.226,226,11401,Avinguda Can Serra,6660114,114,Rambla Just Oliveras,3,No accessible,0,2022-03-31,POINT (2.099884244999859 41.36442392220162)
ACCESSOS.227,227,11402,Rambla Just Oliveras,6660114,114,Rambla Just Oliveras,3,No accessible,0,2022-03-31,POINT (2.1000181295355995 41.36352362942928)
ACCESSOS.228,228,11403,Renfe,6660114,114,Rambla Just Oliveras,1,Accessible,1,2022-03-31,POINT (2.1001537907418517 41.363993847124455)
ACCESSOS.229,229,11501,Parc de les Planes,6660115,115,Can Serra,3,No accessible,0,2022-03-31,POINT (2.1036034869413283 41.368062440863504)
ACCESSOS.230,230,11502,Avinguda Can Serra,6660115,115,Can Serra,1,Accessible,1,2022-03-31,POINT (2.103393034797958 41.367609047748324)
ACCESSOS.231,231,11601,Avinguda Masnou,6660116,116,Florida,1,Accessible,1,2022-03-31,POINT (2.1101198001719417 41.3684718848501)
ACCESSOS.232,232,11602,Blocs Florida,6660116,116,Florida,3,No accessible,0,2022-03-31,POINT (2.110131816040232 41.36817778265412)
ACCESSOS.233,233,11711,Av. Catalunya,6660117,117,Torrassa,1,Accessible,1,2022-03-31,POINT (2.1162009470409284 41.36858674069323)
ACCESSOS.234,234,11712,Rosalía de Castro,6660117,117,Torrassa,3,No accessible,0,2022-03-31,POINT (2.116832736177879 41.36809030931978)
ACCESSOS.235,235,11801,Pont de la Torrassa,6660118,118,Santa Eulàlia,1,Accessible,0,2022-03-31,POINT (2.1277569308975917 41.36843360778033)
ACCESSOS.236,236,11811,Riera Blanca,6660118,118,Santa Eulàlia,3,No accessible,0,2022-03-31,POINT (2.1302308954788196 41.36974254111025)
ACCESSOS.237,237,11901,Riera de Tena,6660119,119,Mercat Nou,1,Accessible,0,2022-03-31,POINT (2.1332361525006363 41.372528756737076)
ACCESSOS.240,240,12001,Alcolea (escala mecànica),6660120,120,Plaça de Sants,3,No accessible,0,2022-03-31,POINT (2.137076560320469 41.37545699679641)
ACCESSOS.241,241,12002,Alcolea,6660120,120,Plaça de Sants,3,No accessible,0,2022-03-31,POINT (2.1374256506132596 41.37543328311274)
ACCESSOS.242,242,12003,Olzinelles,6660120,120,Plaça de Sants,3,No accessible,0,2022-03-31,POINT (2.137156280344735 41.375292666247844)
ACCESSOS.243,243,12011,Cros,6660120,120,Plaça de Sants,3,No accessible,0,2022-03-31,POINT (2.138559625534182 41.37527086246283)
ACCESSOS.326,326,12012,Riego,6660120,120,Plaça de Sants,3,No accessible,0,2022-03-31,POINT (2.1385586184823078 41.37541164264586)
ACCESSOS.148,148,51701,Plaça de Sants,6660120,120,Plaça de Sants,3,No accessible,0,2022-03-31,POINT (2.1350711907650055 41.37564957593359)
ACCESSOS.149,149,51702,Galileu,6660120,120,Plaça de Sants,3,No accessible,0,2022-03-31,POINT (2.135831944267579 41.37551418432159)
ACCESSOS.244,244,12101,Consell de Cent / Mercat,6660121,121,Hostafrancs,1,Accessible,1,2022-03-31,POINT (2.1437090237347274 41.37551150423378)
ACCESSOS.245,245,12111,Hostafrancs,6660121,121,Hostafrancs,3,No accessible,0,2022-03-31,POINT (2.144251846264405 41.3750817184101)
ACCESSOS.246,246,12121,Moianès,6660121,121,Hostafrancs,3,No accessible,0,2022-03-31,POINT (2.1422751889117535 41.37519656827486)
ACCESSOS.345,345,12131,Consell de Cent,6660121,121,Hostafrancs,3,No accessible,0,2022-03-31,POINT (2.1432509234657022 41.37539836725706)
ACCESSOS.247,247,12201,Creu Coberta,6660122,122,Espanya,3,No accessible,0,2022-03-31,POINT (2.1482912995412016 41.37526760303323)
ACCESSOS.248,248,12202,Tarragona,6660122,122,Espanya,3,No accessible,0,2022-03-31,POINT (2.149209902005212 41.375713915877334)
ACCESSOS.249,249,12211,Exposició / Paral·lel,6660122,122,Espanya,3,No accessible,0,2022-03-31,POINT (2.149816740423702 41.374421033232)
ACCESSOS.250,250,12212,Exposició / Gran Via,6660122,122,Espanya,3,No accessible,0,2022-03-31,POINT (2.149362535412975 41.37424543701833)
ACCESSOS.33,33,32101,Avinguda Paral·lel,6660122,122,Espanya,3,No accessible,0,2022-03-31,POINT (2.1501643181317034 41.375239186052276)
ACCESSOS.34,34,32102,Exposició,6660122,122,Espanya,3,No accessible,0,2022-03-31,POINT (2.150044606550912 41.374813318039976)
ACCESSOS.251,251,12301,Rocafort / Diputació,6660123,123,Rocafort,1,Accessible,1,2022-03-31,POINT (2.1538290310454578 41.37899331791698)
ACCESSOS.252,252,12302,Rocafort / Sepúlveda,6660123,123,Rocafort,3,No accessible,0,2022-03-31,POINT (2.1543952989311124 41.37858331110963)
ACCESSOS.253,253,12311,Calàbria / Diputació,6660123,123,Rocafort,3,No accessible,0,2022-03-31,POINT (2.154810467242419 41.379659146789706)
ACCESSOS.254,254,12312,Calàbria / Sepúlveda,6660123,123,Rocafort,3,No accessible,0,2022-03-31,POINT (2.1553701969493457 41.37931175263272)
ACCESSOS.255,255,12401,Comte d'Urgell,6660124,124,Urgell,1,Accessible,1,2022-03-31,POINT (2.1582278918354936 41.38201964980934)
ACCESSOS.256,256,12411,Villarroel / Diputació,6660124,124,Urgell,3,No accessible,0,2022-03-31,POINT (2.1595345308261633 41.38299495355253)
ACCESSOS.257,257,12412,Villarroel / Sepúlveda,6660124,124,Urgell,3,No accessible,0,2022-03-31,POINT (2.1599119080379627 41.38272902167955)
ACCESSOS.258,258,12501,Ronda Universitat,6660125,125,Universitat,3,No accessible,0,2022-03-31,POINT (2.165253177697143 41.38599247591405)
ACCESSOS.259,259,12502,Pelai,6660125,125,Universitat,3,No accessible,0,2022-03-31,POINT (2.1646574105714462 41.385735386671044)
ACCESSOS.306,306,21201,Plaça Universitat,6660125,125,Universitat,1,Accessible,1,2022-03-31,POINT (2.1637026922086635 41.385403141515845)
ACCESSOS.307,307,21211,Ronda Sant Antoni,6660125,125,Universitat,3,No accessible,0,2022-03-31,POINT (2.1637963378162297 41.38477460996994)
ACCESSOS.260,260,12601,Rambla Catalunya,6660126,126,Catalunya,3,No accessible,0,2022-03-31,POINT (2.1683182703084976 41.38760767870989)
ACCESSOS.261,261,12602,Ronda Universitat,6660126,126,Catalunya,1,Accessible,1,2022-03-31,POINT (2.1684324482528305 41.3871659907406)
ACCESSOS.262,262,12611,Passeig de Gràcia,6660126,126,Catalunya,3,No accessible,0,2022-03-31,POINT (2.1696450016817996 41.38805712627539)
ACCESSOS.263,263,12612,Ronda Sant Pere,6660126,126,Catalunya,3,No accessible,0,2022-03-31,POINT (2.1705687422240594 41.387791071631796)
ACCESSOS.2241,2241,12613,Centre Plaça,6660126,126,Catalunya,3,No accessible,0,2022-03-31,POINT (2.1695065988708544 41.38751485723492)
ACCESSOS.41,41,32601,La Rambla,6660126,126,Catalunya,3,No accessible,0,2022-03-31,POINT (2.1701200409093806 41.38540092623957)
ACCESSOS.47,47,32603,Pelai,6660126,126,Catalunya,1,Accessible,1,2022-03-31,POINT (2.16953090480301 41.38546405543329)
ACCESSOS.46,46,32604,Bergara,6660126,126,Catalunya,3,No accessible,0,2022-03-31,POINT (2.1696418084504634 41.38575596036264)
ACCESSOS.265,265,12701,Plaça Urquinaona,6660127,127,Urquinaona,3,No accessible,0,2022-03-31,POINT (2.1733986182835814 41.38935757847438)
ACCESSOS.266,266,12711,Trafalgar,6660127,127,Urquinaona,3,No accessible,0,2022-03-31,POINT (2.1738287439632833 41.38909099799673)
ACCESSOS.267,267,12721,Bruc,6660127,127,Urquinaona,3,No accessible,0,2022-03-31,POINT (2.174994976968411 41.389927924821095)
ACCESSOS.81,81,42401,Plaça Urquinaona,6660127,127,Urquinaona,3,No accessible,0,2022-03-31,POINT (2.172765383459695 41.388811796430126)
ACCESSOS.82,82,42411,Jonqueres,6660127,127,Urquinaona,3,No accessible,0,2022-03-31,POINT (2.1742838020645 41.38760514728923)
ACCESSOS.268,268,12801,Avda. Vilanova,6660128,128,Arc de Triomf,1,Accessible,1,2022-03-31,POINT (2.180570656025173 41.39185329732535)
ACCESSOS.964,964,12811,Nàpols,6660128,128,Arc de Triomf,1,Accessible,0,2022-03-31,POINT (2.181915086660581 41.39296784447241)
ACCESSOS.269,269,12812,Roger de Flor,6660128,128,Arc de Triomf,3,No accessible,0,2022-03-31,POINT (2.1813300100196997 41.39247743368641)
ACCESSOS.270,270,12901,L'Auditori,6660129,129,Marina,1,Accessible,1,2022-03-31,POINT (2.1866383243772467 41.39561404046055)
ACCESSOS.271,271,12902,Almogàvers,6660129,129,Marina,3,No accessible,0,2022-03-31,POINT (2.187103834120818 41.39521096247457)
ACCESSOS.272,272,13001,Plaça de les Glòries Catalanes,6660130,130,Glòries,3,No accessible,0,2022-03-31,POINT (2.1873364490578457 41.402828084268826)
ACCESSOS.273,273,13002,Badajoz,6660130,130,Glòries,3,No accessible,0,2022-03-31,POINT (2.1883855867971405 41.40300733777843)
ACCESSOS.274,274,13011,Avda. Meridiana,6660130,130,Glòries,1,Accessible,1,2022-03-31,POINT (2.1871213205903213 41.401979986538464)
ACCESSOS.275,275,13101,Aragó / Meridiana,6660131,131,Clot,3,No accessible,0,2022-03-31,POINT (2.1872081499787943 41.40934812132808)
ACCESSOS.277,277,13111,València,6660131,131,Clot,3,No accessible,0,2022-03-31,POINT (2.187422705862206 41.41088314318358)
ACCESSOS.8,8,21801,Sibelius,6660131,131,Clot,1,Accessible,1,2022-03-31,POINT (2.1861690404598 41.410268040224246)
ACCESSOS.278,278,13201,Navas de Tolosa,6660132,132,Navas,1,Accessible,1,2022-03-31,POINT (2.1871417879228954 41.415511612606714)
ACCESSOS.279,279,13211,Biscaia,6660132,132,Navas,3,No accessible,0,2022-03-31,POINT (2.1871329496045457 41.416877066628814)
ACCESSOS.281,281,13301,Meridiana | Hondures,6660133,133,La Sagrera,1,Accessible,1,2022-03-31,POINT (2.187117853085126 41.42176611115489)
ACCESSOS.168,168,13302,Garcilaso,6660133,133,La Sagrera,1,Accessible,1,2022-03-31,POINT (2.1865739201029823 41.42182682636695)
ACCESSOS.1282,1282,13303,Hondures,6660133,133,La Sagrera,1,Accessible,0,2022-03-31,POINT (2.187446534149989 41.42174792109557)
ACCESSOS.280,280,13311,Jardins d'Elx,6660133,133,La Sagrera,1,Accessible,1,2022-03-31,POINT (2.1874417965337414 41.423033272163075)
ACCESSOS.169,169,52611,Felip II,6660133,133,La Sagrera,1,Accessible,1,2022-03-31,POINT (2.1865610859171887 41.42041075156976)
ACCESSOS.282,282,13401,Passeig Fabra i Puig,6660134,134,Fabra i Puig,3,No accessible,0,2022-03-31,POINT (2.18351335010188 41.4304784177903)
ACCESSOS.284,284,13402,Sòcrates,6660134,134,Fabra i Puig,3,No accessible,0,2022-03-31,POINT (2.1832748715423858 41.43148910175703)
ACCESSOS.283,283,13403,Avinguda Meridiana,6660134,134,Fabra i Puig,3,No accessible,0,2022-03-31,POINT (2.183655433036917 41.429984636459956)
ACCESSOS.285,285,13404,Renfe,6660134,134,Fabra i Puig,3,No accessible,0,2022-03-31,POINT (2.1833398667251367 41.43082156962489)
ACCESSOS.286,286,13411,Concepción Arenal,6660134,134,Fabra i Puig,1,Accessible,1,2022-03-31,POINT (2.184201299624314 41.42896462726837)
ACCESSOS.287,287,13501,Plaça d'Orfila,6660135,135,Sant Andreu,1,Accessible,1,2022-03-31,POINT (2.190873765898556 41.43588672605516)
ACCESSOS.288,288,13511,Joan Torras,6660135,135,Sant Andreu,3,No accessible,0,2022-03-31,POINT (2.1910175753578263 41.43745369125781)
ACCESSOS.289,289,13601,Palomar / costat muntanya,6660136,136,Torras i Bages,3,No accessible,0,2022-03-31,POINT (2.190662596017063 41.442393736107526)
ACCESSOS.290,290,13602,Palomar / costat mar,6660136,136,Torras i Bages,1,Accessible,1,2022-03-31,POINT (2.1909293023009755 41.4424072302466)
ACCESSOS.291,291,13611,Passeig Santa Coloma / costat muntanya,6660136,136,Torras i Bages,3,No accessible,0,2022-03-31,POINT (2.190546878125522 41.44408056602411)
ACCESSOS.292,292,13612,Passeig Santa Coloma / costat mar,6660136,136,Torras i Bages,3,No accessible,0,2022-03-31,POINT (2.190810532206315 41.44408879665878)
ACCESSOS.293,293,13701,Via Bàrcino,6660137,137,Trinitat Vella,3,No accessible,0,2022-03-31,POINT (2.1939173246714603 41.448690332512435)
ACCESSOS.294,294,13702,Parc de la Trinitat,6660137,137,Trinitat Vella,1,Accessible,1,2022-03-31,POINT (2.194062647218165 41.44893359585285)
ACCESSOS.295,295,13801,Riu Besòs,6660138,138,Baró de Viver,1,Accessible,1,2022-03-31,POINT (2.1998241820720037 41.44973950590627)
ACCESSOS.296,296,13901,Plaça de la Vila,6660139,139,Santa Coloma,1,Accessible,1,2022-03-31,POINT (2.2084606294640863 41.45122240858729)
ACCESSOS.297,297,13902,Llorenç Serra,6660139,139,Santa Coloma,3,No accessible,0,2022-03-31,POINT (2.2078374171132116 41.4511471526414)
ACCESSOS.298,298,13903,Avinguda Santa Coloma,6660139,139,Santa Coloma,3,No accessible,0,2022-03-31,POINT (2.2078553804318113 41.4509645333913)
ACCESSOS.299,299,14001,Sicília,6660140,140,Fondo,3,No accessible,0,2022-03-31,POINT (2.2173919011341563 41.451496032150686)
ACCESSOS.300,300,14002,Mossèn Cinto Verdaguer,6660140,140,Fondo,1,Accessible,1,2022-03-31,POINT (2.2185335547374057 41.45149940926402)
ACCESSOS.42,42,21001,Nou de la Rambla,6660210,210,Paral·lel,3,No accessible,0,2022-03-31,POINT (2.1703902635466403 41.37506374715856)
ACCESSOS.43,43,21002,Avinguda Paral·lel,6660210,210,Paral·lel,1,Accessible,1,2022-03-31,POINT (2.1702476168469103 41.37481578673022)
ACCESSOS.301,301,21011,Fontrodona,6660210,210,Paral·lel,3,No accessible,0,2022-03-31,POINT (2.1678151034838202 41.37482729303362)
ACCESSOS.302,302,21012,Ronda Sant Pau,6660210,210,Paral·lel,3,No accessible,0,2022-03-31,POINT (2.168132929026759 41.37508847498623)
ACCESSOS.303,303,21101,Villarroel,6660211,211,Sant Antoni,1,Accessible,1,2022-03-31,POINT (2.1632448846404166 41.380656118874064)
ACCESSOS.304,304,21111,Sant Antoni Abat,6660211,211,Sant Antoni,3,No accessible,0,2022-03-31,POINT (2.163249157955619 41.378989134990796)
ACCESSOS.305,305,21112,Urgell,6660211,211,Sant Antoni,3,No accessible,0,2022-03-31,POINT (2.163017438116344 41.37898743307027)
ACCESSOS.308,308,21301,Rbla. Catalunya,6660213,213,Passeig de Gràcia,1,Accessible,1,2022-03-31,POINT (2.167613968626813 41.3889235878422)
ACCESSOS.309,309,21311,Pau Claris,6660213,213,Passeig de Gràcia,3,No accessible,0,2022-03-31,POINT (2.168787438856731 41.38967781463345)
ACCESSOS.48,48,32701,Aragó / Pau Claris,6660213,213,Passeig de Gràcia,1,Accessible,1,2022-03-31,POINT (2.165424467978146 41.39199999384237)
ACCESSOS.49,49,32702,Aragó / Rambla Catalunya,6660213,213,Passeig de Gràcia,3,No accessible,0,2022-03-31,POINT (2.165009231431743 41.39183603741427)
ACCESSOS.52,52,32711,Consell de Cent,6660213,213,Passeig de Gràcia,3,No accessible,0,2022-03-31,POINT (2.165492580469699 41.39152884500981)
ACCESSOS.113,113,42501,Passeig de Gràcia / Gran Via,6660213,213,Passeig de Gràcia,3,No accessible,0,2022-03-31,POINT (2.167630730892553 41.389766857787336)
ACCESSOS.1,1,21401,Diputació / Passeig de Sant Joan,6660214,214,Tetuan,3,No accessible,0,2022-03-31,POINT (2.1747806267172773 41.3948373768045)
ACCESSOS.2,2,21402,Casp / Passeig de Sant Joan,6660214,214,Tetuan,1,Accessible,1,2022-03-31,POINT (2.1754294270341212 41.39431845374224)
ACCESSOS.3,3,21501,Marina,6660215,215,Monumental,1,Accessible,1,2022-03-31,POINT (2.1794426659464428 41.400346419666555)
ACCESSOS.4,4,21502,Marina / Plaça de Toros,6660215,215,Monumental,3,No accessible,0,2022-03-31,POINT (2.1796250007835867 41.400487641404595)
ACCESSOS.5,5,21601,Mallorca - Marina,6660216,216,Sagrada Família,1,Accessible,1,2022-03-31,POINT (2.1757445241234667 41.40387144931647)
ACCESSOS.161,161,52301,Provença / Avinguda Gaudí,6660216,216,Sagrada Família,1,Accessible,1,2022-03-31,POINT (2.174221777749295 41.40449738730942)
ACCESSOS.162,162,52311,Sardenya,6660216,216,Sagrada Família,3,No accessible,0,2022-03-31,POINT (2.173067528902316 41.40369029202803)
ACCESSOS.163,163,52312,Plaça de la Sagrada Família,6660216,216,Sagrada Família,3,No accessible,0,2022-03-31,POINT (2.1734080685960047 41.40342879035008)
ACCESSOS.6,6,21701,València / Mallorca,6660217,217,Encants,3,No accessible,0,2022-03-31,POINT (2.182130972160925 41.4070649275865)
ACCESSOS.7,7,21702,València / Aragó,6660217,217,Encants,1,Accessible,1,2022-03-31,POINT (2.1824666169343687 41.40682787383308)
ACCESSOS.9,9,21901,Fluvià,6660219,219,Bac de Roda,1,Accessible,1,2022-03-31,POINT (2.19625432577836 41.415716692237105)
ACCESSOS.10,10,21911,Bac de Roda,6660219,219,Bac de Roda,3,No accessible,0,2022-03-31,POINT (2.19507920707105 41.41484254892016)
ACCESSOS.11,11,22001,Agricultura,6660220,220,Sant Martí,1,Accessible,1,2022-03-31,POINT (2.199980917665574 41.41851943580219)
ACCESSOS.12,12,22011,Cantàbria,6660220,220,Sant Martí,3,No accessible,0,2022-03-31,POINT (2.201155132701335 41.419396999382336)
ACCESSOS.209,209,41301,Rambla Guipúscoa / Ca n'Oliva,6660221,221,La Pau,2,Semi-accessible,1,2022-03-31,POINT (2.206081807312939 41.423437655063076)
ACCESSOS.207,207,22201,Santander,6660222,222,Verneda,1,Accessible,1,2022-03-31,POINT (2.209686267795912 41.43017922494413)
ACCESSOS.208,208,22202,Ctra. Mataró,6660222,222,Verneda,3,No accessible,0,2022-03-31,POINT (2.210155420418272 41.42994281851601)
ACCESSOS.205,205,22301,Ctra. Santa Coloma,6660223,223,Artigues | Sant Adrià,1,Accessible,1,2022-03-31,POINT (2.216873425614306 41.4336045560403)
ACCESSOS.206,206,22302,Avinguda Joan XXIII,6660223,223,Artigues | Sant Adrià,3,No accessible,0,2022-03-31,POINT (2.2172876618273887 41.43336328843553)
ACCESSOS.203,203,22401,Plaça Sant Roc,6660224,224,Sant Roc,3,No accessible,0,2022-03-31,POINT (2.227755552909284 41.43534005959227)
ACCESSOS.204,204,22402,Alfons XII,6660224,224,Sant Roc,1,Accessible,1,2022-03-31,POINT (2.2281057739536 41.435141100131624)
ACCESSOS.201,201,22501,Avinguda Alfons XIII,6660225,225,Gorg,3,No accessible,0,2022-03-31,POINT (2.2333532563002123 41.44033957881192)
ACCESSOS.202,202,22502,Guifré,6660225,225,Gorg,1,Accessible,1,2022-03-31,POINT (2.2339062487522385 41.4401428976177)
ACCESSOS.93,93,93601,Antoni Bori,6660225,225,Gorg,1,Accessible,1,2022-03-31,POINT (2.23471701814955 41.44005519720216)
ACCESSOS.198,198,22601,Avinguda Alfons XIII,6660226,226,Pep Ventura,1,Accessible,1,2022-03-31,POINT (2.2378352491732425 41.444357052633926)
ACCESSOS.199,199,22602,Avinguda Marquès de Mont-roig,6660226,226,Pep Ventura,3,No accessible,0,2022-03-31,POINT (2.238393722342466 41.444449219335134)
ACCESSOS.200,200,22603,Plaça Països Catalans,6660226,226,Pep Ventura,3,No accessible,0,2022-03-31,POINT (2.2385984811046007 41.44428472833211)
ACCESSOS.103,103,22701,Avinguda Martí Pujol,6660227,227,Badalona Pompeu Fabra,1,Accessible,1,2022-03-31,POINT (2.2451936803320884 41.449727273251206)
ACCESSOS.102,102,22711,La Creu,6660227,227,Badalona Pompeu Fabra,1,Accessible,1,2022-03-31,POINT (2.244442515758089 41.448890076203675)
ACCESSOS.14,14,31401,Avinguda Diagonal,6660314,314,Zona Universitària,3,No accessible,0,2022-03-31,POINT (2.111519763105392 41.38414166721358)
ACCESSOS.15,15,31402,Facultat d'Estudis Empresarials,6660314,314,Zona Universitària,3,No accessible,0,2022-03-31,POINT (2.1116556097053945 41.384535199501684)
ACCESSOS.330,330,31403,Dr. Marañón / Diagonal,6660314,314,Zona Universitària,3,No accessible,0,2022-03-31,POINT (2.111847797786282 41.38422099581956)
ACCESSOS.329,329,31404,Parc Cervantes,6660314,314,Zona Universitària,3,No accessible,0,2022-03-31,POINT (2.111419051992819 41.38447460030893)
ACCESSOS.2563,2563,91801,Dr. Marañón,6660314,314,Zona Universitària,1,Accessible,1,2022-03-31,POINT (2.111956267171571 41.38403328719203)
ACCESSOS.16,16,31501,Facultat de Ciències,6660315,315,Palau Reial,1,Accessible,1,2022-03-31,POINT (2.1180811742275276 41.38559335093526)
ACCESSOS.18,18,31503,Avda. Diagonal,6660315,315,Palau Reial,3,No accessible,0,2022-03-31,POINT (2.1177205117040354 41.38606988668554)
ACCESSOS.19,19,31504,Palau de Pedralbes,6660315,315,Palau Reial,3,No accessible,0,2022-03-31,POINT (2.1179574800801126 41.38612839534157)
ACCESSOS.21,21,31602,Av. Diagonal / Doctor Ferran,6660316,316,Maria Cristina,3,No accessible,0,2022-03-31,POINT (2.1262673940146266 41.38823250766679)
ACCESSOS.20,20,31603,Gran Via Carles III,6660316,316,Maria Cristina,1,Accessible,1,2022-03-31,POINT (2.1267962626212245 41.38778680149168)
ACCESSOS.22,22,31604,Capità Arenas,6660316,316,Maria Cristina,3,No accessible,0,2022-03-31,POINT (2.126507473376655 41.38829387770927)
ACCESSOS.23,23,31701,Travessera de les Corts,6660317,317,Les Corts,1,Accessible,1,2022-03-31,POINT (2.1306163098020594 41.38389819447068)
ACCESSOS.24,24,31702,Joan Güell,6660317,317,Les Corts,3,No accessible,0,2022-03-31,POINT (2.13063682526045 41.384391195568035)
ACCESSOS.25,25,31801,Plaça del Centre (mar),6660318,318,Plaça del Centre,1,Accessible,1,2022-03-31,POINT (2.1359254828961993 41.38166984558516)
ACCESSOS.26,26,31802,Plaça del Centre (muntanya),6660318,318,Plaça del Centre,3,No accessible,0,2022-03-31,POINT (2.1356282416543526 41.38211182070539)
ACCESSOS.27,27,31901,Pl. Països Catalans / Numància / Ambulatori,6660319,319,Sants Estació,1,Accessible,1,2022-03-31,POINT (2.1416637385998203 41.380945544078244)
ACCESSOS.28,28,31902,Av. Josep Tarradellas,6660319,319,Sants Estació,3,No accessible,0,2022-03-31,POINT (2.141980107891972 41.381082393091525)
ACCESSOS.186,186,31911,Numància,6660319,319,Sants Estació,3,No accessible,0,2022-03-31,POINT (2.1401532025848993 41.38239180932638)
ACCESSOS.187,187,31912,Enric Bargés,6660319,319,Sants Estació,3,No accessible,0,2022-03-31,POINT (2.1399637818783854 41.38207238425652)
ACCESSOS.150,150,51801,Estació RENFE / Pl. Joan Peiró,6660319,319,Sants Estació,1,Accessible,0,2022-03-31,POINT (2.139573249095389 41.379510456536)
ACCESSOS.151,151,51802,Estació RENFE / Pl. Països Catalans,6660319,319,Sants Estació,1,Accessible,0,2022-03-31,POINT (2.139922982410696 41.37972017015965)
ACCESSOS.29,29,32001,Elisi,6660320,320,Tarragona,3,No accessible,0,2022-03-31,POINT (2.144758837715334 41.37861477049398)
ACCESSOS.30,30,32002,València,6660320,320,Tarragona,3,No accessible,0,2022-03-31,POINT (2.145124924810331 41.37889806422128)
ACCESSOS.31,31,32003,Tarragona,6660320,320,Tarragona,3,No accessible,0,2022-03-31,POINT (2.1457621589406712 41.37785909059328)
ACCESSOS.32,32,32004,Aragó,6660320,320,Tarragona,1,Accessible,1,2022-03-31,POINT (2.1460840976162405 41.37824459551975)
ACCESSOS.35,35,32201,Manso,6660322,322,Poble Sec,3,No accessible,0,2022-03-31,POINT (2.1589105615673567 41.375148900053986)
ACCESSOS.36,36,32202,Teodor Bonaplata,6660322,322,Poble Sec,3,No accessible,0,2022-03-31,POINT (2.1589530430727173 41.37487439933379)
ACCESSOS.37,37,32211,Parlament,6660322,322,Poble Sec,3,No accessible,0,2022-03-31,POINT (2.1613537076639973 41.37511682504786)
ACCESSOS.44,44,32401,La Rambla,6660324,324,Drassanes,1,Accessible,1,2022-03-31,POINT (2.1765218563885598 41.37694607663264)
ACCESSOS.38,38,32403,Santa Madrona,6660324,324,Drassanes,3,No accessible,0,2022-03-31,POINT (2.175960940811018 41.37708037518559)
ACCESSOS.45,45,32411,Drassanes,6660324,324,Drassanes,1,Accessible,1,2022-03-31,POINT (2.1755586309970667 41.376587278422946)
ACCESSOS.39,39,32501,La Rambla / Mercat de la Boqueria,6660325,325,Liceu,3,No accessible,0,2022-03-31,POINT (2.172468919735155 41.38201978420304)
ACCESSOS.184,184,32511,La Rambla / Mercat de la Boqueria,6660325,325,Liceu,3,No accessible,0,2022-03-31,POINT (2.1726208975248023 41.382015408634224)
ACCESSOS.40,40,32521,La Rambla / Teatre Liceu,6660325,325,Liceu,1,Accessible,1,2022-03-31,POINT (2.1735592931120378 41.380925407683605)
ACCESSOS.185,185,32531,La Rambla / Teatre Liceu,6660325,325,Liceu,1,Accessible,1,2022-03-31,POINT (2.1734448589745035 41.380864515158784)
ACCESSOS.53,53,32801,Pg. de Gràcia / Rambla Catalunya,6660328,328,Diagonal,1,Accessible,1,2022-03-31,POINT (2.160637849458869 41.39543592300068)
ACCESSOS.54,54,32802,Pg. de Gràcia / Pau Claris,6660328,328,Diagonal,3,No accessible,0,2022-03-31,POINT (2.1608068488020344 41.39563603149648)
ACCESSOS.2259,2259,32803,Pg. de Gràcia (escala mecànica),6660328,328,Diagonal,3,No accessible,0,2022-03-31,POINT (2.160571363558969 41.39535970323131)
ACCESSOS.55,55,32811,Diagonal / Rambla Catalunya,6660328,328,Diagonal,3,No accessible,0,2022-03-31,POINT (2.1598606559043443 41.396071580714604)
ACCESSOS.56,56,32812,Diagonal / Pau Claris,6660328,328,Diagonal,3,No accessible,0,2022-03-31,POINT (2.1601035461905296 41.396215788271924)
ACCESSOS.157,157,52101,Rambla Catalunya,6660328,328,Diagonal,1,Accessible,1,2022-03-31,POINT (2.1591010125461674 41.39440990660634)
ACCESSOS.158,158,52111,Rosselló / FGC,6660328,328,Diagonal,3,No accessible,0,2022-03-31,POINT (2.158879879524316 41.39424605733008)
ACCESSOS.57,57,32901,Gran de Gràcia / Astúries,6660329,329,Fontana,1,Accessible,0,2022-03-31,POINT (2.152678107276927 41.40258457283935)
ACCESSOS.58,58,33001,Septimània,6660330,330,Lesseps,3,No accessible,0,2022-03-31,POINT (2.1496107068433012 41.40620648074976)
ACCESSOS.331,331,33011,Plaça Lesseps,6660330,330,Lesseps,1,Accessible,1,2022-03-31,POINT (2.1502205519817297 41.40667385083013)
ACCESSOS.59,59,33101,Avinguda República Argentina,6660331,331,Vallcarca,1,Accessible,1,2022-03-31,POINT (2.1450426298249528 41.411410197592765)
ACCESSOS.60,60,33102,Gomis,6660331,331,Vallcarca,3,No accessible,0,2022-03-31,POINT (2.14455304549195 41.41178187582593)
ACCESSOS.332,332,33103,Avinguda Vallcarca + Parc Güell,6660331,331,Vallcarca,3,No accessible,0,2022-03-31,POINT (2.145264829649735 41.41169620434433)
ACCESSOS.61,61,33201,Avinguda Vallcarca,6660332,332,Penitents,3,No accessible,0,2022-03-31,POINT (2.1412754448802342 41.417503317458795)
ACCESSOS.62,62,33202,Anna Piferrer,6660332,332,Penitents,1,Accessible,1,2022-03-31,POINT (2.1409546293562167 41.4173874031846)
ACCESSOS.63,63,33301,Mercat de Vall d'Hebron,6660333,333,Vall d'Hebron,1,Accessible,1,2022-03-31,POINT (2.1429640450408893 41.424867681813545)
ACCESSOS.111,111,53401,Residència Sanitària,6660333,333,Vall d'Hebron,1,Accessible,1,2022-03-31,POINT (2.142156703324202 41.425372374065084)
ACCESSOS.339,339,53402,Avinguda Jordà,6660333,333,Vall d'Hebron,3,No accessible,0,2022-03-31,POINT (2.141713655986979 41.42467469635589)
ACCESSOS.66,66,33402,Residència Sanitària / Llars Mundet,6660334,334,Montbau,1,Accessible,1,2022-03-31,POINT (2.1445523923106977 41.43041822207714)
ACCESSOS.641,641,33403,Palau  Olímpic Vall d'Hebron,6660334,334,Montbau,1,Accessible,0,2022-03-31,POINT (2.1454845839158647 41.430503617511576)
ACCESSOS.192,192,33501,Can Marcet,6660335,335,Mundet,1,Accessible,0,2022-03-31,POINT (2.1480892234435918 41.43495279987751)
ACCESSOS.193,193,33502,Salesians,6660335,335,Mundet,1,Accessible,0,2022-03-31,POINT (2.1484250021996574 41.435343747976944)
ACCESSOS.194,194,33503,Passeig Vall d'Hebron,6660335,335,Mundet,1,Accessible,1,2022-03-31,POINT (2.1472279054339625 41.43553737456102)
ACCESSOS.195,195,33601,Passeig Valldaura,6660336,336,Valldaura,1,Accessible,1,2022-03-31,POINT (2.156426119299251 41.43762092298766)
ACCESSOS.196,196,33701,Via Favència,6660337,337,Canyelles,1,Accessible,1,2022-03-31,POINT (2.166593311352566 41.44193270077403)
ACCESSOS.197,197,33711,García Lorca,6660337,337,Canyelles,3,No accessible,0,2022-03-31,POINT (2.1651883230251405 41.441694633488886)
ACCESSOS.86,86,33801,Vidal i Guasch,6660338,338,Roquetes,1,Accessible,1,2022-03-31,POINT (2.1770662586806546 41.44809123519064)
ACCESSOS.84,84,33811,Jaume Pinent,6660338,338,Roquetes,1,Accessible,1,2022-03-31,POINT (2.1748775158004037 41.446849144353656)
ACCESSOS.85,85,33812,Carrer de les Torres,6660338,338,Roquetes,3,No accessible,0,2022-03-31,POINT (2.1760808609839555 41.44692796636725)
ACCESSOS.83,83,33901,Palamós,6660339,339,Trinitat Nova,1,Accessible,0,2022-03-31,POINT (2.1843473021666466 41.44942083503193)
ACCESSOS.130,130,43401,Pedrosa,6660339,339,Trinitat Nova,1,Accessible,0,2022-03-31,POINT (2.1832876951287985 41.44920925074595)
ACCESSOS.131,131,43402,Aiguablava,6660339,339,Trinitat Nova,3,No accessible,0,2022-03-31,POINT (2.181713598014566 41.4486587084232)
ACCESSOS.335,335,41401,Gran Via de les Corts Catalanes,6660414,414,Besòs,3,No accessible,0,2022-03-31,POINT (2.2102828419801326 41.42034012902514)
ACCESSOS.210,210,41402,Tram Besòs,6660414,414,Besòs,1,Accessible,1,2022-03-31,POINT (2.2098483543534213 41.42026437685945)
ACCESSOS.68,68,41501,Jaume Fabre,6660415,415,Besòs Mar,1,Accessible,1,2022-03-31,POINT (2.2166777693806643 41.414530716623666)
ACCESSOS.69,69,41511,Ferrer Bassa,6660415,415,Besòs Mar,3,No accessible,0,2022-03-31,POINT (2.21541421701844 41.41568433295783)
ACCESSOS.70,70,41601,Rambla de Prim,6660416,416,El Maresme | Fòrum,1,Accessible,1,2022-03-31,POINT (2.2175767847471763 41.41220882345698)
ACCESSOS.71,71,41611,Avinguda Diagonal,6660416,416,El Maresme | Fòrum,3,No accessible,0,2022-03-31,POINT (2.2160630670103947 41.411732588322984)
ACCESSOS.72,72,41701,Selva de Mar,6660417,417,Selva de Mar,3,No accessible,0,2022-03-31,POINT (2.2095668767194434 41.40821406823348)
ACCESSOS.67,67,41711,Provençals,6660417,417,Selva de Mar,1,Accessible,1,2022-03-31,POINT (2.2083583462233545 41.40777282064736)
ACCESSOS.73,73,41801,Pujades / Bilbao,6660418,418,Poblenou,1,Accessible,1,2022-03-31,POINT (2.202940589771111 41.40351070286831)
ACCESSOS.74,74,41901,Pujades / Ciutat de Granada,6660419,419,Llacuna,1,Accessible,1,2022-03-31,POINT (2.197267337323021 41.39920826558605)
ACCESSOS.75,75,42001,Pujades / Pere IV,6660420,420,Bogatell,3,No accessible,0,2022-03-31,POINT (2.191566344480914 41.39488392326392)
ACCESSOS.1922,1922,42011,Pujades,6660420,420,Bogatell,1,Accessible,1,2022-03-31,POINT (2.1926279946926095 41.39548720974127)
ACCESSOS.76,76,42101,Avinguda Icària,6660421,421,Ciutadella | Vila Olímpica,3,No accessible,0,2022-03-31,POINT (2.1934139603588205 41.387903375455274)
ACCESSOS.77,77,42102,Zoo,6660421,421,Ciutadella | Vila Olímpica,3,No accessible,0,2022-03-31,POINT (2.193053918835433 41.38815523473655)
ACCESSOS.78,78,42201,Plaça Pau Vila,6660422,422,Barceloneta,1,Accessible,1,2022-03-31,POINT (2.1858192894438697 41.38236821843024)
ACCESSOS.79,79,42301,Plaça de l'Àngel,6660423,423,Jaume I,1,Accessible,1,2022-03-31,POINT (2.1784429898771593 41.38382347679052)
ACCESSOS.80,80,42311,Argenteria,6660423,423,Jaume I,1,Accessible,1,2022-03-31,POINT (2.1792694422401935 41.383817813127976)
ACCESSOS.114,114,42601,Consell de Cent,6660426,426,Girona,1,Accessible,1,2022-03-31,POINT (2.170834416676432 41.394835322546584)
ACCESSOS.115,115,42602,Girona,6660426,426,Girona,3,No accessible,0,2022-03-31,POINT (2.1714370252055546 41.39466633754326)
ACCESSOS.116,116,42701,Passeig Sant Joan,6660427,427,Verdaguer,3,No accessible,0,2022-03-31,POINT (2.168743126712873 41.399896785795484)
ACCESSOS.159,159,52201,Bailèn,6660427,427,Verdaguer,3,No accessible,0,2022-03-31,POINT (2.1674435087087836 41.39907870304267)
ACCESSOS.160,160,52211,Avinguda Diagonal,6660427,427,Verdaguer,3,No accessible,0,2022-03-31,POINT (2.1661909840678293 41.39846104828594)
ACCESSOS.336,336,52212,Girona,6660427,427,Verdaguer,3,No accessible,0,2022-03-31,POINT (2.166126840672571 41.39868396089712)
ACCESSOS.117,117,42801,Escorial,6660428,428,Joanic,1,Accessible,1,2022-03-31,POINT (2.1628982674135058 41.406025461731545)
ACCESSOS.118,118,42802,Pi i Margall,6660428,428,Joanic,3,No accessible,0,2022-03-31,POINT (2.1631784191637613 41.40573590753078)
ACCESSOS.119,119,42901,Ronda Guinardó,6660429,429,Alfons X,1,Accessible,1,2022-03-31,POINT (2.1665122167913315 41.412396309165906)
ACCESSOS.120,120,42902,Lepant,6660429,429,Alfons X,3,No accessible,0,2022-03-31,POINT (2.166926884371684 41.41194800811718)
ACCESSOS.121,121,42903,Plaça Alfons el Savi,6660429,429,Alfons X,3,No accessible,0,2022-03-31,POINT (2.1650869902343994 41.41206802846406)
ACCESSOS.122,122,43001,Sant Quintí,6660430,430,Guinardó | Hospital de Sant Pau,1,Accessible,1,2022-03-31,POINT (2.17448556195168 41.41602013578463)
ACCESSOS.645,645,43012,Hospital de Sant Pau,6660430,430,Guinardó | Hospital de Sant Pau,1,Accessible,0,2022-03-31,POINT (2.174417599864814 41.415769240572445)
ACCESSOS.124,124,43101,Ronda Guinardó,6660431,431,Maragall,3,No accessible,0,2022-03-31,POINT (2.1773792227562048 41.42248342425998)
ACCESSOS.172,172,52801,Ramon Albó,6660431,431,Maragall,3,No accessible,0,2022-03-31,POINT (2.177164452404854 41.4244727384488)
ACCESSOS.173,173,52811,Avinguda dels Quinze,6660431,431,Maragall,3,No accessible,0,2022-03-31,POINT (2.1760634615457635 41.42570009489562)
ACCESSOS.337,337,52812,Prat d'en Roquer,6660431,431,Maragall,3,No accessible,0,2022-03-31,POINT (2.1764610879640025 41.42550835136221)
ACCESSOS.125,125,43201,Passeig Verdum / Llucmajor,6660432,432,Llucmajor,1,Accessible,1,2022-03-31,POINT (2.173895569321168 41.437616701245766)
ACCESSOS.126,126,43202,Plaça Jardins d'Alfàbia,6660432,432,Llucmajor,3,No accessible,0,2022-03-31,POINT (2.173829044280302 41.43711488742183)
ACCESSOS.127,127,43211,Pi i Molist,6660432,432,Llucmajor,3,No accessible,0,2022-03-31,POINT (2.1728798103544618 41.436740514085386)
ACCESSOS.128,128,43301,Via Júlia / Joaquim Valls,6660433,433,Via Júlia,1,Accessible,1,2022-03-31,POINT (2.1788971202088763 41.44425262949602)
ACCESSOS.129,129,43311,Via Júlia / Argullós,6660433,433,Via Júlia,3,No accessible,0,2022-03-31,POINT (2.178598661229453 41.443561863852345)
ACCESSOS.132,132,50901,Plaça Estació,6660509,509,Cornellà Centre,1,Accessible,1,2022-03-31,POINT (2.0699015151307307 41.35735037821628)
ACCESSOS.133,133,51001,Lindavista,6660510,510,Gavarra,1,Accessible,1,2022-03-31,POINT (2.0789561859060086 41.3577673220844)
ACCESSOS.134,134,51002,Pl. Catalunya,6660510,510,Gavarra,3,No accessible,0,2022-03-31,POINT (2.078852135643713 41.35792041068304)
ACCESSOS.135,135,51101,Avinguda República Argentina,6660511,511,Sant Ildefons,3,No accessible,0,2022-03-31,POINT (2.083927887746599 41.363390272636906)
ACCESSOS.136,136,51102,Mercat Sant Ildefons,6660511,511,Sant Ildefons,1,Accessible,1,2022-03-31,POINT (2.0840965480385196 41.36309026718108)
ACCESSOS.137,137,51201,Estronci,6660512,512,Can Boixeres,1,Accessible,1,2022-03-31,POINT (2.090696493388553 41.36610630964141)
ACCESSOS.138,138,51301,Hortènsia,6660513,513,Can Vidalet,3,No accessible,0,2022-03-31,POINT (2.0993829365383507 41.37146257653596)
ACCESSOS.107,107,51311,Maladeta,6660513,513,Can Vidalet,1,Accessible,1,2022-03-31,POINT (2.0999026596672605 41.37196795384223)
ACCESSOS.139,139,51401,Avinguda Josep Molins,6660514,514,Pubilla Cases,1,Accessible,1,2022-03-31,POINT (2.106320496479372 41.37350953109733)
ACCESSOS.140,140,51402,Esteve Grau,6660514,514,Pubilla Cases,3,No accessible,0,2022-03-31,POINT (2.1068724759790567 41.373490348877894)
ACCESSOS.141,141,51411,Doctor Ramon Solanich,6660514,514,Pubilla Cases,3,No accessible,0,2022-03-31,POINT (2.107924691533878 41.37403183137629)
ACCESSOS.142,142,51501,Travessera de les Corts,6660515,515,Collblanc,3,No accessible,0,2022-03-31,POINT (2.120434295946638 41.375839939818576)
ACCESSOS.143,143,51502,Doctor Martí i Julià,6660515,515,Collblanc,3,No accessible,0,2022-03-31,POINT (2.120625060820197 41.375653040366075)
ACCESSOS.2578,2578,91601,Av. Sant Ramon,6660515,515,Collblanc,1,Accessible,1,2022-03-31,POINT (2.1184479522727964 41.37586944626433)
ACCESSOS.145,145,51601,Carrer de Sants,6660516,516,Badal,3,No accessible,0,2022-03-31,POINT (2.128635729254475 41.37561803970335)
ACCESSOS.146,146,51602,Carreras i Candi,6660516,516,Badal,3,No accessible,0,2022-03-31,POINT (2.1262208050255165 41.375437569753196)
ACCESSOS.147,147,51611,Carrer de Sants / Arizala,6660516,516,Badal,1,Accessible,1,2022-03-31,POINT (2.1260317244158746 41.37567233929521)
ACCESSOS.152,152,51901,Rocafort,6660519,519,Entença,1,Accessible,1,2022-03-31,POINT (2.146110635069211 41.38496374773946)
ACCESSOS.153,153,51911,Entença,6660519,519,Entença,3,No accessible,0,2022-03-31,POINT (2.1450478629137275 41.384122054177965)
ACCESSOS.154,154,52001,Villarroel,6660520,520,Hospital Clínic,3,No accessible,0,2022-03-31,POINT (2.1516064012482254 41.38886729632631)
ACCESSOS.155,155,52011,Comte d'Urgell,6660520,520,Hospital Clínic,3,No accessible,0,2022-03-31,POINT (2.1501830305727547 41.38834045407549)
ACCESSOS.156,156,52012,Rosselló,6660520,520,Hospital Clínic,1,Accessible,1,2022-03-31,POINT (2.150619480791316 41.388395350299575)
ACCESSOS.164,164,52401,Dos de Maig,6660524,524,Sant Pau | Dos de Maig,1,Accessible,1,2022-03-31,POINT (2.1763653799906564 41.41114080447703)
ACCESSOS.165,165,52411,Cartagena,6660524,524,Sant Pau | Dos de Maig,3,No accessible,0,2022-03-31,POINT (2.1757062735093786 41.41004068735595)
ACCESSOS.166,166,52501,Passeig Maragall,6660525,525,Camp de l'Arpa,1,Accessible,1,2022-03-31,POINT (2.1809551946540227 41.41475538864973)
ACCESSOS.167,167,52511,Indústria,6660525,525,Camp de l'Arpa,3,No accessible,0,2022-03-31,POINT (2.181700352854108 41.41528189569665)
ACCESSOS.170,170,52701,Matanzas,6660527,527,Congrés,1,Accessible,1,2022-03-31,POINT (2.182114350361228 41.42342321848205)
ACCESSOS.171,171,52711,Francesc Tàrrega,6660527,527,Congrés,3,No accessible,0,2022-03-31,POINT (2.180782705543495 41.42355745678486)
ACCESSOS.174,174,52901,Pi i Molist,6660529,529,Virrei Amat,3,No accessible,0,2022-03-31,POINT (2.1745288376553185 41.430463669766056)
ACCESSOS.175,175,52902,Fabra i Puig,6660529,529,Virrei Amat,3,No accessible,0,2022-03-31,POINT (2.1740782260251827 41.43023491849355)
ACCESSOS.1601,1601,52903,Virrei Amat (muntanya),6660529,529,Virrei Amat,1,Accessible,1,2022-03-31,POINT (2.174763343233299 41.43023702077505)
ACCESSOS.176,176,52911,Felip II / Virrei Amat,6660529,529,Virrei Amat,3,No accessible,0,2022-03-31,POINT (2.1755502323990963 41.429204008007446)
ACCESSOS.177,177,52912,Virrei Amat (mar),6660529,529,Virrei Amat,3,No accessible,0,2022-03-31,POINT (2.1747954644946055 41.429371724300154)
ACCESSOS.178,178,53001,Canfranc,6660530,530,Vilapicina,3,No accessible,0,2022-03-31,POINT (2.1673159493380174 41.430570802251374)
ACCESSOS.179,179,53002,Cartellà,6660530,530,Vilapicina,3,No accessible,0,2022-03-31,POINT (2.1667156226419357 41.430350694392594)
ACCESSOS.180,180,53011,Passeig de les Palmeres,6660530,530,Vilapicina,1,Accessible,1,2022-03-31,POINT (2.168476563431491 41.430326179812745)
ACCESSOS.338,338,53012,Teide,6660530,530,Vilapicina,1,Accessible,1,2022-03-31,POINT (2.168485040225751 41.43055214802522)
ACCESSOS.181,181,53101,Plaça Eivissa,6660531,531,Horta,3,No accessible,0,2022-03-31,POINT (2.160950029594109 41.43011108103821)
ACCESSOS.182,182,53102,Tajo,6660531,531,Horta,3,No accessible,0,2022-03-31,POINT (2.160968137390296 41.42967947669823)
ACCESSOS.183,183,53111,Lisboa,6660531,531,Horta,1,Accessible,1,2022-03-31,POINT (2.1588149190327615 41.42969342672421)
ACCESSOS.104,104,53201,Plaça Pastrana,6660532,532,El Carmel,1,Accessible,1,2022-03-31,POINT (2.1560349930542952 41.425538975362834)
ACCESSOS.105,105,53211,Llobregós,6660532,532,El Carmel,3,No accessible,0,2022-03-31,POINT (2.154370583017562 41.42328573366592)
ACCESSOS.106,106,53212,Mercat,6660532,532,El Carmel,1,Accessible,1,2022-03-31,POINT (2.1550153213204495 41.42364530715849)
ACCESSOS.108,108,53301,Passeig Mare de Déu del Coll,6660533,533,El Coll | La Teixonera,1,Accessible,1,2022-03-31,POINT (2.15030270678913 41.4209989290359)
ACCESSOS.109,109,53302,Beat Almató,6660533,533,El Coll | La Teixonera,1,Accessible,0,2022-03-31,POINT (2.149432679446425 41.419761733971406)
ACCESSOS.110,110,53311,Arenys,6660533,533,El Coll | La Teixonera,1,Accessible,1,2022-03-31,POINT (2.1479961471943976 41.42328766815374)
ACCESSOS.3842,3842,55501,Avinguda de Xile,6660555,555,Ernest Lluch,1,Accessible,1,2022-03-31,POINT (2.110604178786103 41.376174072254145)
ACCESSOS.3843,3843,55502,Cementiri de Sants,6660555,555,Ernest Lluch,3,No accessible,0,2022-03-31,POINT (2.1113414738060774 41.37574887154281)
ACCESSOS.2600,2600,90101,Aeroport T1,6660901,901,Aeroport T1,1,Accessible,0,2022-03-31,POINT (2.0712103137449738 41.28819232176685)
ACCESSOS.2599,2599,90301,Aeroport T2,6660903,903,Aeroport T2,1,Accessible,1,2022-03-31,POINT (2.073020154893667 41.30392085751796)
ACCESSOS.2598,2598,90401,Avinguda de Les Garrigues / Alta Ribagorça,6660904,904,Mas Blau,1,Accessible,1,2022-03-31,POINT (2.0733211961667237 41.311866166574404)
ACCESSOS.2596,2596,90501,Riu Llobregat / Riu Xúquer,6660905,905,Parc Nou,1,Accessible,1,2022-03-31,POINT (2.087374114933685 41.316887406723374)
ACCESSOS.2597,2597,90511,Riu Llobregat / Riu Ebre,6660905,905,Parc Nou,3,No accessible,0,2022-03-31,POINT (2.088911301489891 41.316411309842785)
ACCESSOS.2594,2594,90601,Plaça Catalunya,6660906,906,Cèntric,1,Accessible,1,2022-03-31,POINT (2.093119967119463 41.32254235495225)
ACCESSOS.2595,2595,90602,C. Lleida,6660906,906,Cèntric,3,No accessible,0,2022-03-31,POINT (2.0938312215600168 41.32184761209478)
ACCESSOS.2593,2593,90701,Doctor Soler i Torrens,6660907,907,El Prat Estació,1,Accessible,1,2022-03-31,POINT (2.089932544277716 41.33126725950448)
ACCESSOS.2588,2588,90901,Av. Verge de Montserrat / Ctra. de la Marina,6660909,909,Les Moreres,1,Accessible,1,2022-03-31,POINT (2.102664267821187 41.32883210533803)
ACCESSOS.2591,2591,90902,Av. Verge de Montserrat / Les Moreres,6660909,909,Les Moreres,3,No accessible,0,2022-03-31,POINT (2.103480952220144 41.32920552447803)
ACCESSOS.2587,2587,91001,Carrer K / Carrer Transversal 6,6660910,910,Mercabarna,1,Accessible,1,2022-03-31,POINT (2.1119712773466173 41.33383224647838)
ACCESSOS.2585,2585,91101,Av. Parc Logístic / C. Número Un,6660911,911,Parc Logístic,1,Accessible,1,2022-03-31,POINT (2.127133907927153 41.34135302889588)
ACCESSOS.2586,2586,91102,Av. Parc Logístic / C. Número Vint-i-cinc,6660911,911,Parc Logístic,3,No accessible,0,2022-03-31,POINT (2.1281666270287083 41.341696680484176)
ACCESSOS.2584,2584,91201,Botànica + Accés NORD | EST,6660912,912,Fira,1,Accessible,1,2022-03-31,POINT (2.1308184384231095 41.3520791789687)
ACCESSOS.2882,2882,91202,Accés SUD,6660912,912,Fira,1,Accessible,0,2022-03-31,POINT (2.130161348948757 41.352410659580244)
ACCESSOS.2583,2583,91301,Fira Gran Via,6660913,913,Europa | Fira,1,Accessible,1,2022-03-31,POINT (2.125840722012314 41.35671425717415)
ACCESSOS.2582,2582,91311,Plaça Europa,6660913,913,Europa | Fira,1,Accessible,1,2022-03-31,POINT (2.124527021260951 41.35731058570792)
ACCESSOS.2581,2581,91401,Can Tries - Narcís de Monturiol,6660914,914,Can Tries | Gornal,1,Accessible,1,2022-03-31,POINT (2.118223705045705 41.36063591391114)
ACCESSOS.112,112,93201,Onze de Setembre,6660932,932,Onze de Setembre,1,Accessible,1,2022-03-31,POINT (2.1933008223741237 41.4298487175847)
ACCESSOS.101,101,93301,Sant Adrià,6660933,933,Bon Pastor,1,Accessible,1,2022-03-31,POINT (2.2047315457246794 41.4360531670311)
ACCESSOS.98,98,93401,Avinguda d'Amèrica,6660934,934,Llefià,1,Accessible,0,2022-03-31,POINT (2.2175212634603376 41.44130635647114)
ACCESSOS.99,99,93402,Avinguda d'Amèrica (mercat),6660934,934,Llefià,1,Accessible,1,2022-03-31,POINT (2.217083938187719 41.4421682430632)
ACCESSOS.100,100,93403,Ronda Sant Antoni,6660934,934,Llefià,1,Accessible,0,2022-03-31,POINT (2.2173197719249496 41.4411063365731)
ACCESSOS.94,94,93501,Marquès de Sant Mori,6660935,935,La Salut,3,No accessible,0,2022-03-31,POINT (2.2242297001806635 41.442642547069504)
ACCESSOS.95,95,93502,Quevedo,6660935,935,La Salut,3,No accessible,0,2022-03-31,POINT (2.2250436909847853 41.44270344254486)
ACCESSOS.96,96,93503,Juan Valera,6660935,935,La Salut,1,Accessible,1,2022-03-31,POINT (2.223806846674649 41.441486355830804)
ACCESSOS.97,97,93504,Austràlia,6660935,935,La Salut,3,No accessible,0,2022-03-31,POINT (2.223288453106502 41.44221872386628)
ACCESSOS.91,91,94001,Avinguda Santa Coloma,6660940,940,Can Peixauet,1,Accessible,1,2022-03-31,POINT (2.2096957703492026 41.44477958472988)
ACCESSOS.341,341,94002,Avinguda Banús Baixa,6660940,940,Can Peixauet,3,No accessible,0,2022-03-31,POINT (2.210025659335624 41.44421939674089)
ACCESSOS.340,340,94101,Banús Baixa,6660941,941,Santa Rosa,1,Accessible,0,2022-03-31,POINT (2.2155704659483986 41.44677923058486)
ACCESSOS.89,89,94301,Mossèn Camil Rossell,6660943,943,Església Major,1,Accessible,3,2022-03-31,POINT (2.2114418753858107 41.453885593522465)
ACCESSOS.88,88,94401,Passatge de Salvatella,6660944,944,Singuerlín,1,Accessible,1,2022-03-31,POINT (2.205592892706643 41.45960649692378)
ACCESSOS.87,87,94501,Francesc Macià,6660945,945,Can Zam,1,Accessible,1,2022-03-31,POINT (2.198281837713659 41.45756848155419)
ACCESSOS.3523,3523,95101,Carrer A / Carrer 5,6660951,951,ZAL | Riu Vell,1,Accessible,0,2022-03-31,POINT (2.133128278747189 41.32382923976563)
ACCESSOS.3524,3524,95102,Riu Llobregat,6660951,951,ZAL | Riu Vell,1,Accessible,0,2022-03-31,POINT (2.132990553917449 41.32360655294026)
ACCESSOS.3525,3525,95103,ZAL,6660951,951,ZAL | Riu Vell,1,Accessible,0,2022-03-31,POINT (2.133069173990653 41.32357794203119)
ACCESSOS.3216,3216,95201,Ecoparc,6660952,952,Ecoparc,1,Accessible,0,2022-03-31,POINT (2.13710059403922 41.33028804659413)
ACCESSOS.3217,3217,95202,Carrer A / Carrer 4,6660952,952,Ecoparc,1,Accessible,0,2022-03-31,POINT (2.1369594602071227 41.330057232323206)
ACCESSOS.3522,3522,95203,Carrer A (costat mar),6660952,952,Ecoparc,1,Accessible,0,2022-03-31,POINT (2.137043313198081 41.33002736085884)
ACCESSOS.3213,3213,95301,Carrer A / Carrer 25,6660953,953,Port Comercial | La Factoria,1,Accessible,0,2022-03-31,POINT (2.14068453363928 41.336111165843306)
ACCESSOS.3214,3214,95302,Carrer A / Carrer 27,6660953,953,Port Comercial | La Factoria,1,Accessible,0,2022-03-31,POINT (2.140546792545736 41.335884930290916)
ACCESSOS.3215,3215,95303,Carrer A (costat mar),6660953,953,Port Comercial | La Factoria,1,Accessible,0,2022-03-31,POINT (2.14062873841243 41.335856942627636)
ACCESSOS.3210,3210,95401,Carrer A / Carrer 1,6660954,954,Zona Franca,1,Accessible,0,2022-03-31,POINT (2.144978381649569 41.34311222877129)
ACCESSOS.3211,3211,95402,Carrer A / Carrer 2,6660954,954,Zona Franca,1,Accessible,0,2022-03-31,POINT (2.144832614303175 41.342872346526015)
ACCESSOS.3212,3212,95403,Carrer A (costat mar),6660954,954,Zona Franca,1,Accessible,0,2022-03-31,POINT (2.1449341946959053 41.34284331262662)
ACCESSOS.3205,3205,95601,Fira Gran Via (Pavellons 6·7·8),6660956,956,Foc,1,Accessible,1,2022-03-31,POINT (2.14209075541422 41.355655373429926)
ACCESSOS.3206,3206,95602,Foc (costat Montjuïc),6660956,956,Foc,1,Accessible,1,2022-03-31,POINT (2.142089981762316 41.35622090746167)
ACCESSOS.3203,3203,95701,Jardins dels Drets Humans,6660957,957,Foneria,1,Accessible,1,2022-03-31,POINT (2.1383677128471694 41.360606020902836)
ACCESSOS.3204,3204,95702,Mercat de la Marina,6660957,957,Foneria,1,Accessible,1,2022-03-31,POINT (2.13877309287938 41.360792023543844)
ACCESSOS.3209,3209,95801,Gran Via / Alhambra,6660958,958,Ciutat de la Justícia,1,Accessible,1,2022-03-31,POINT (2.1316721512688925 41.36237484309637)
ACCESSOS.3208,3208,95802,Ciutat de la Justícia,6660958,958,Ciutat de la Justícia,3,No accessible,0,2022-03-31,POINT (2.133027479850449 41.3634176705468)
ACCESSOS.3207,3207,95901,Aprestadora / Rosell,6660959,959,Provençana,1,Accessible,1,2022-03-31,POINT (2.1241191296572666 41.36160789642794)
ACCESSOS.213,213,113701,Aiguablava,6661137,1137,Casa de l'Aigua,1,Accessible,0,2022-03-31,POINT (2.1851754580532616 41.451261449770584)
ACCESSOS.215,215,113801,Avinguda Escolapi Càncer,6661138,1138,Torre Baró | Vallbona,1,Accessible,1,2022-03-31,POINT (2.1807068322278242 41.45929572838615)
ACCESSOS.214,214,113811,Sant Feliu de Codines,6661138,1138,Torre Baró | Vallbona,1,Accessible,1,2022-03-31,POINT (2.1792574126156485 41.45930587802702)
ACCESSOS.216,216,113901,Avinguda Rasos de Peguera,6661139,1139,Ciutat Meridiana,1,Accessible,1,2022-03-31,POINT (2.1746970655892848 41.46089542038299)
ACCESSOS.217,217,114001,Circumval·lació,6661140,1140,Can Cuiàs,1,Accessible,1,2022-03-31,POINT (2.1727425962893063 41.46267788387076)
ACCESSOS.218,218,114011,Les Fustes,6661140,1140,Can Cuiàs,1,Accessible,0,2022-03-31,POINT (2.173141755285573 41.46283124731911)
ACCESSOS.2258,2258,990201,Avinguda Miramar,6669902,9902,Parc de Montjuïc,1,Accessible,0,2022-03-31,POINT (2.163094465706356 41.36884517746519)
